{"nm":"Rocket","ddd":0,"h":1500,"w":1500,"meta":{"g":"LottieFiles AE "},"layers":[{"ty":3,"nm":"For Position","sr":1,"st":0,"op":900,"ip":0,"hd":false,"ddd":0,"bm":0,"hasMask":false,"ao":0,"ks":{"a":{"a":0,"k":[0,0,0],"ix":1},"s":{"a":0,"k":[120,120,100],"ix":6},"sk":{"a":0,"k":0},"p":{"a":1,"k":[{"o":{"x":0.285,"y":0},"i":{"x":0.833,"y":0.833},"s":[751.924,1937.873,0],"t":0,"ti":[0,0,0],"to":[0,0,0]},{"o":{"x":0.167,"y":0.167},"i":{"x":0.83,"y":0.83},"s":[751.924,788.873,0],"t":10,"ti":[0,0,0],"to":[0,0,0]},{"o":{"x":0.299,"y":0},"i":{"x":0.692,"y":1},"s":[751.924,788.873,0],"t":54,"ti":[0,0,0],"to":[0,0,0]},{"o":{"x":0.43,"y":0},"i":{"x":0.692,"y":1},"s":[751.924,1432.873,0],"t":70,"ti":[0,0,0],"to":[0,0,0]},{"s":[751.924,-447.127,0],"t":78}],"ix":2},"r":{"a":0,"k":0,"ix":10},"sa":{"a":0,"k":0},"o":{"a":0,"k":0,"ix":11}},"ef":[],"ind":1},{"ty":4,"nm":"Pink","sr":1,"st":0,"op":900,"ip":0,"hd":false,"ddd":0,"bm":0,"hasMask":false,"ao":0,"ks":{"a":{"a":0,"k":[0,0,0],"ix":1},"s":{"a":0,"k":[100,100,100],"ix":6},"sk":{"a":0,"k":0},"p":{"a":0,"k":[0,52.462,0],"ix":2},"r":{"a":0,"k":0,"ix":10},"sa":{"a":0,"k":0},"o":{"a":0,"k":100,"ix":11}},"ef":[],"shapes":[{"ty":"gr","bm":0,"hd":false,"mn":"ADBE Vector Group","nm":"Group 1","ix":1,"cix":2,"np":6,"it":[{"ty":"sh","bm":0,"hd":false,"mn":"ADBE Vector Shape - Group","nm":"Path 1","ix":1,"d":1,"ks":{"a":0,"k":{"c":true,"i":[[0,8.29],[0,0],[8.291,-0.001],[-0.001,-8.291],[0,0],[-8.291,0.001]],"o":[[0,0],[0,-8.292],[-8.292,0],[0,0],[-0.001,8.291],[8.291,-0.001]],"v":[[-44.854,207.594],[-44.854,177.594],[-59.853,162.595],[-74.853,177.594],[-74.853,207.594],[-59.853,222.594]]},"ix":2}},{"ty":"sh","bm":0,"hd":false,"mn":"ADBE Vector Shape - Group","nm":"Path 2","ix":2,"d":1,"ks":{"a":0,"k":{"c":true,"i":[[0.001,-8.291],[0,0],[-8.291,0.001],[0.001,8.291],[0,0],[8.291,-0.001]],"o":[[0,0],[0,8.292],[8.292,0],[0,0],[0.001,-8.291],[-8.291,0.001]],"v":[[45.146,177.594],[45.146,207.593],[60.146,222.593],[75.146,207.593],[75.146,177.594],[60.146,162.594]]},"ix":2}},{"ty":"sh","bm":0,"hd":false,"mn":"ADBE Vector Shape - Group","nm":"Path 3","ix":3,"d":1,"ks":{"a":0,"k":{"c":true,"i":[[8.291,-0.001],[0.001,-8.291],[0,0],[-8.291,0.001],[0.001,8.291],[0,0]],"o":[[-8.291,0.001],[0,0],[0,8.292],[8.291,-0.001],[0,0],[0,-8.292]],"v":[[0.147,162.594],[-14.853,177.594],[-15.001,287.277],[-0.001,302.276],[14.999,287.277],[15.147,177.594]]},"ix":2}},{"ty":"sh","bm":0,"hd":false,"mn":"ADBE Vector Shape - Group","nm":"Path 4","ix":4,"d":1,"ks":{"a":0,"k":{"c":true,"i":[[0,-33.299],[33.3,-0.001],[0,33.001],[-33.001,0]],"o":[[0,33.001],[-33.001,0],[0,-33.299],[33.299,0]],"v":[[60,-197.276],[0,-137.276],[-60.001,-197.276],[0,-257.276]]},"ix":2}},{"ty":"sh","bm":0,"hd":false,"mn":"ADBE Vector Shape - Group","nm":"Path 5","ix":5,"d":1,"ks":{"a":0,"k":{"c":true,"i":[[0,0],[0,-67.5],[-2.699,-26.398],[-11.4,-28.199],[-6.3,0],[0,0],[0,0],[-24.901,0.001],[-0.001,-25.199],[0,0],[0,0],[-2.1,5.699],[-5.7,52.499],[0,22.199],[23.401,42.301]],"o":[[-23.399,42.301],[0,22.2],[5.7,50.7],[2.1,5.701],[0,0],[0,0],[0,-24.9],[25.198,0],[0,0],[0,0],[5.999,0],[11.4,-27.9],[2.699,-26.398],[0,-67.5],[0,0]],"v":[[-92.701,-302.276],[-135,-137.276],[-130.802,-62.876],[-103.801,63.124],[-90,72.724],[-45,72.724],[-45.001,-32.276],[0,-77.277],[45,-32.276],[45,72.723],[90,72.723],[103.799,63.424],[130.8,-62.876],[135,-137.275],[92.699,-302.275]]},"ix":2}},{"ty":"gf","bm":0,"hd":false,"mn":"ADBE Vector Graphic - G-Fill","nm":"Gradient Fill 1","e":{"a":0,"k":[213.829,-345.033],"ix":6},"g":{"p":3,"k":{"a":0,"k":[0,0.5215686274509804,1,0.7411764705882353,0.5,0.5215686274509804,1,0.7411764705882353,1,0.5215686274509804,1,0.7411764705882353],"ix":9}},"t":1,"a":{"a":0,"k":0},"h":{"a":0,"k":0},"s":{"a":0,"k":[-135.448,128.329],"ix":5},"r":1,"o":{"a":0,"k":100,"ix":10}},{"ty":"tr","a":{"a":0,"k":[0,0],"ix":1},"s":{"a":0,"k":[100,100],"ix":3},"sk":{"a":0,"k":0,"ix":4},"p":{"a":0,"k":[0,0],"ix":2},"r":{"a":0,"k":0,"ix":6},"sa":{"a":0,"k":0,"ix":5},"o":{"a":0,"k":100,"ix":7}}]}],"ind":2,"parent":1},{"ty":4,"nm":"Light Pink","sr":1,"st":0,"op":900,"ip":0,"hd":false,"ddd":0,"bm":0,"hasMask":false,"ao":0,"ks":{"a":{"a":0,"k":[750,1539.225,0],"ix":1},"s":{"a":0,"k":[100,100,100],"ix":6},"sk":{"a":0,"k":0},"p":{"a":0,"k":[0,-84.775,0],"ix":2},"r":{"a":0,"k":0,"ix":10},"sa":{"a":0,"k":0},"o":{"a":0,"k":100,"ix":11}},"ef":[],"shapes":[{"ty":"gr","bm":0,"hd":false,"mn":"ADBE Vector Group","nm":"Group 1","ix":1,"cix":2,"np":1,"it":[{"ty":"gr","bm":0,"hd":false,"mn":"ADBE Vector Group","nm":"Group 1","ix":1,"cix":2,"np":6,"it":[{"ty":"sh","bm":0,"hd":false,"mn":"ADBE Vector Shape - Group","nm":"Path 1","ix":1,"d":1,"ks":{"a":0,"k":{"c":true,"i":[[0.001,-33.3],[-33.001,0],[0,33.001],[33.299,0]],"o":[[0,33.001],[33.299,0],[0,-33.299],[-33.001,0]],"v":[[-60,-60.039],[0,-0.039],[60,-60.039],[0,-120.039]]},"ix":2}},{"ty":"sh","bm":0,"hd":false,"mn":"ADBE Vector Shape - Group","nm":"Path 2","ix":2,"d":1,"ks":{"a":0,"k":{"c":true,"i":[[2.999,2.399],[5.402,-3.9],[35.401,-64.799],[0,0],[0,0]],"o":[[-5.399,-3.9],[-3,2.398],[0,0],[0,0],[-35.399,-64.799]],"v":[[9,-267.038],[-9.002,-267.038],[-92.702,-165.039],[-0.676,-135.04],[92.699,-165.039]]},"ix":2}},{"ty":"sh","bm":0,"hd":false,"mn":"ADBE Vector Shape - Group","nm":"Path 3","ix":3,"d":1,"ks":{"a":0,"k":{"c":true,"i":[[8.854,-4.834],[0.542,-4.878],[10.312,-25.341],[-2.782,-4.146],[-4.995,0],[-0.001,-24.815],[-8.291,0.001],[0,74.15],[2.768,1.377]],"o":[[-4.321,2.344],[-5.449,49.717],[-1.875,4.629],[2.797,4.131],[24.814,0],[0,8.292],[1.831,-0.001],[0,-98.145],[-1.98,-0.604]],"v":[[108.633,59.684],[100.884,71.212],[76.098,189.307],[77.548,203.341],[89.999,209.961],[135,254.962],[150,269.961],[195,194.961],[126.724,61.558]]},"ix":2}},{"ty":"sh","bm":0,"hd":false,"mn":"ADBE Vector Shape - Group","nm":"Path 4","ix":4,"d":1,"ks":{"a":0,"k":{"c":true,"i":[[0,0],[1.832,4.629],[5.259,48.047],[4.322,2.343],[2.075,-0.634],[0,-98.145],[-1.831,0],[0.001,8.291],[-24.814,0.001],[-2.798,4.102]],"o":[[2.798,-4.116],[-10.283,-25.986],[-0.542,-4.878],[-8.884,-4.835],[-2.783,1.392],[0,74.15],[8.292,0],[0.001,-24.814],[4.965,-0.001],[0,0]],"v":[[-77.593,203.4],[-76.055,189.44],[-100.884,71.213],[-108.633,59.685],[-126.709,61.545],[-195,194.964],[-150,269.964],[-135,254.964],[-89.999,209.963],[-77.593,203.4]]},"ix":2}},{"ty":"sh","bm":0,"hd":false,"mn":"ADBE Vector Shape - Group","nm":"Path 5","ix":5,"d":1,"ks":{"a":0,"k":{"c":true,"i":[[0,0],[0,0],[0,0],[0,0],[-24.901,-0.001],[-0.001,24.901],[0,0],[0,0]],"o":[[0,0],[0,0],[0,0],[0,24.9],[24.899,0],[0,0],[0,0],[0,0]],"v":[[0,29.961],[-75,104.961],[-45.001,209.961],[-45.001,224.96],[0,269.96],[45,224.96],[45,209.961],[75,104.961]]},"ix":2}},{"ty":"gf","bm":0,"hd":false,"mn":"ADBE Vector Graphic - G-Fill","nm":"Gradient Fill 1","e":{"a":0,"k":[9.977,-335.03],"ix":6},"g":{"p":3,"k":{"a":0,"k":[0,1,0.984313725490196,0.49019607843137253,0.5,1,0.984313725490196,0.49019607843137253,1,1,0.984313725490196,0.49019607843137253],"ix":9}},"t":1,"a":{"a":0,"k":0},"h":{"a":0,"k":0},"s":{"a":0,"k":[7.552,301.566],"ix":5},"r":1,"o":{"a":0,"k":100,"ix":10}},{"ty":"tr","a":{"a":0,"k":[0,0],"ix":1},"s":{"a":0,"k":[100,100],"ix":3},"sk":{"a":0,"k":0,"ix":4},"p":{"a":0,"k":[0,0],"ix":2},"r":{"a":0,"k":0,"ix":6},"sa":{"a":0,"k":0,"ix":5},"o":{"a":0,"k":100,"ix":7}}]},{"ty":"tr","a":{"a":0,"k":[0,0],"ix":1},"s":{"a":0,"k":[100,100],"ix":3},"sk":{"a":0,"k":0,"ix":4},"p":{"a":0,"k":[750,1539.225],"ix":2},"r":{"a":0,"k":0,"ix":6},"sa":{"a":0,"k":0,"ix":5},"o":{"a":0,"k":100,"ix":7}}]}],"ind":3,"parent":1}],"v":"4.8.0","fr":30,"op":99,"ip":0,"assets":[]}