{
  "nm": "RF_SLIDE",
  "ddd": 0,
  "h": 720,
  "w": 1280,
  "layers": [
    {
      "ty": 4,
      "nm": "Shape Layer 3",
      "sr": 1,
      "st": 0,
      "op": 300.00001221925,
      "ip": 0,
      "hd": false,
      "ddd": 0,
      "bm": 0,
      "hasMask": false,
      "ao": 0,
      "ks": {
        "a": { "a": 0, "k": [365.141, 119.875, 0], "ix": 1 },
        "s": { "a": 0, "k": [100, 100, 100], "ix": 6 },
        "sk": { "a": 0, "k": 0 },
        "p": {
          "a": 1,
          "k": [
            {
              "o": { "x": 0.333, "y": 0 },
              "i": { "x": 0, "y": 1 },
              "s": [139, 480, 0],
              "t": 0,
              "ti": [0, 0, 0],
              "to": [166.333, 0, 0]
            },
            {
              "o": { "x": 0.333, "y": 0 },
              "i": { "x": 0, "y": 1 },
              "s": [1137, 480, 0],
              "t": 60,
              "ti": [166.333, 0, 0],
              "to": [0, 0, 0]
            },
            { "s": [139, 480, 0], "t": 120.0000048877 }
          ],
          "ix": 2
        },
        "r": { "a": 0, "k": 0, "ix": 10 },
        "sa": { "a": 0, "k": 0 },
        "o": {
          "a": 1,
          "k": [
            {
              "o": { "x": 0.167, "y": 0.167 },
              "i": { "x": 0.833, "y": 0.833 },
              "s": [0],
              "t": 0
            },
            {
              "o": { "x": 0.167, "y": 0.167 },
              "i": { "x": 0.833, "y": 0.833 },
              "s": [100],
              "t": 4
            },
            {
              "o": { "x": 0.167, "y": 0.167 },
              "i": { "x": 0.833, "y": 0.833 },
              "s": [100],
              "t": 30
            },
            {
              "o": { "x": 0.167, "y": 0.167 },
              "i": { "x": 0.833, "y": 0.833 },
              "s": [100],
              "t": 56
            },
            {
              "o": { "x": 0.167, "y": 0.167 },
              "i": { "x": 0.833, "y": 0.833 },
              "s": [0],
              "t": 60
            },
            {
              "o": { "x": 0.167, "y": 0.167 },
              "i": { "x": 0.833, "y": 0.833 },
              "s": [100],
              "t": 64
            },
            {
              "o": { "x": 0.167, "y": 0.167 },
              "i": { "x": 0.833, "y": 0.833 },
              "s": [100],
              "t": 90
            },
            {
              "o": { "x": 0.167, "y": 0.167 },
              "i": { "x": 0.833, "y": 0.833 },
              "s": [100],
              "t": 116
            },
            { "s": [1], "t": 120.0000048877 }
          ],
          "ix": 11
        }
      },
      "ef": [],
      "shapes": [
        {
          "ty": "gr",
          "bm": 0,
          "hd": false,
          "mn": "ADBE Vector Group",
          "nm": "Shape 1",
          "ix": 1,
          "cix": 2,
          "np": 3,
          "it": [
            {
              "ty": "sh",
              "bm": 0,
              "hd": false,
              "mn": "ADBE Vector Shape - Group",
              "nm": "Path 1",
              "ix": 1,
              "d": 1,
              "ks": {
                "a": 0,
                "k": {
                  "c": true,
                  "i": [
                    [15.5, 0],
                    [0, -24.25],
                    [-0.083, -42.417],
                    [12.25, 6],
                    [5.849, 2.532],
                    [-6, -13.75],
                    [-9.5, -8.5],
                    [-43, 0],
                    [0, 24],
                    [0, 9],
                    [16.25, 0],
                    [1.467, -10.307],
                    [0, 0],
                    [0.416, 2.961],
                    [12.021, 0],
                    [2.407, -13.83],
                    [0, 0],
                    [0.301, 3.072],
                    [12.011, 0],
                    [4.343, -13.648],
                    [0, 0],
                    [0, 3.211],
                    [0, 4.053]
                  ],
                  "o": [
                    [-12.25, 0],
                    [0, 14.25],
                    [0, 0],
                    [-15.464, -7.574],
                    [-16.75, -7.25],
                    [5.793, 13.276],
                    [9.5, 8.5],
                    [62.5, 0],
                    [0, -24],
                    [0, -9],
                    [-10.625, 0],
                    [-0.347, 2.437],
                    [0, 0],
                    [-1.225, -8.717],
                    [-10.5, 0],
                    [-1.154, 6.628],
                    [0, 0],
                    [-0.751, -7.674],
                    [-6.208, 0],
                    [-3.145, 9.884],
                    [0, 0],
                    [0, -10.876],
                    [0, -16]
                  ],
                  "v": [
                    [345.5, -30],
                    [324.25, 2],
                    [324.5, 143.5],
                    [312, 144.5],
                    [272.75, 127.5],
                    [248.75, 152],
                    [333, 239],
                    [405.75, 269.75],
                    [483, 187.5],
                    [481.25, 86.75],
                    [463.813, 62.062],
                    [445.972, 77.313],
                    [444.5, 118.75],
                    [445.475, 64.467],
                    [426.75, 45.75],
                    [407.093, 64.33],
                    [405, 117.75],
                    [406.501, 53.674],
                    [388.75, 34.25],
                    [368.407, 48.898],
                    [365.5, 117.75],
                    [365.5, 41],
                    [365.5, 1.75]
                  ]
                },
                "ix": 2
              }
            },
            {
              "ty": "st",
              "bm": 0,
              "hd": false,
              "mn": "ADBE Vector Graphic - Stroke",
              "nm": "Stroke 1",
              "lc": 2,
              "lj": 2,
              "ml": 1,
              "o": { "a": 0, "k": 100, "ix": 4 },
              "w": { "a": 0, "k": 12, "ix": 5 },
              "c": { "a": 0, "k": [0.9608, 0.3412, 0.3412], "ix": 3 }
            },
            {
              "ty": "tr",
              "a": { "a": 0, "k": [0, 0], "ix": 1 },
              "s": { "a": 0, "k": [100, 100], "ix": 3 },
              "sk": { "a": 0, "k": 0, "ix": 4 },
              "p": { "a": 0, "k": [0, 0], "ix": 2 },
              "r": { "a": 0, "k": 0, "ix": 6 },
              "sa": { "a": 0, "k": 0, "ix": 5 },
              "o": { "a": 0, "k": 100, "ix": 7 }
            }
          ]
        }
      ],
      "ind": 1
    },
    {
      "ty": 4,
      "nm": "Shape Layer 2",
      "sr": 1,
      "st": 0,
      "op": 300.00001221925,
      "ip": 60.0000024438501,
      "hd": false,
      "ddd": 0,
      "bm": 0,
      "hasMask": false,
      "ao": 0,
      "ks": {
        "a": { "a": 0, "k": [0, 0, 0], "ix": 1 },
        "s": { "a": 0, "k": [100, 100, 100], "ix": 6 },
        "sk": { "a": 0, "k": 0 },
        "p": { "a": 0, "k": [640, 360, 0], "ix": 2 },
        "r": { "a": 0, "k": 0, "ix": 10 },
        "sa": { "a": 0, "k": 0 },
        "o": { "a": 0, "k": 100, "ix": 11 }
      },
      "ef": [],
      "shapes": [
        {
          "ty": "gr",
          "bm": 0,
          "hd": false,
          "mn": "ADBE Vector Group",
          "nm": "Shape 1",
          "ix": 1,
          "cix": 2,
          "np": 3,
          "it": [
            {
              "ty": "sh",
              "bm": 0,
              "hd": false,
              "mn": "ADBE Vector Shape - Group",
              "nm": "Path 1",
              "ix": 1,
              "d": 1,
              "ks": {
                "a": 0,
                "k": {
                  "c": false,
                  "i": [
                    [0, 0],
                    [0, 0]
                  ],
                  "o": [
                    [0, 0],
                    [0, 0]
                  ],
                  "v": [
                    [527, -4],
                    [-466, -4]
                  ]
                },
                "ix": 2
              }
            },
            {
              "ty": "st",
              "bm": 0,
              "hd": false,
              "mn": "ADBE Vector Graphic - Stroke",
              "nm": "Stroke 1",
              "lc": 2,
              "lj": 1,
              "ml": 4,
              "o": { "a": 0, "k": 100, "ix": 4 },
              "w": { "a": 0, "k": 7, "ix": 5 },
              "d": [
                { "nm": "dash", "n": "d", "v": { "a": 0, "k": 33, "ix": 1 } },
                { "nm": "offset", "n": "o", "v": { "a": 0, "k": 0, "ix": 7 } }
              ],
              "c": { "a": 0, "k": [0.9608, 0.3412, 0.3412], "ix": 3 }
            },
            {
              "ty": "tr",
              "a": { "a": 0, "k": [0, 0], "ix": 1 },
              "s": { "a": 0, "k": [100, 100], "ix": 3 },
              "sk": { "a": 0, "k": 0, "ix": 4 },
              "p": { "a": 0, "k": [0, 0], "ix": 2 },
              "r": { "a": 0, "k": 0, "ix": 6 },
              "sa": { "a": 0, "k": 0, "ix": 5 },
              "o": { "a": 0, "k": 100, "ix": 7 }
            }
          ]
        },
        {
          "ty": "tm",
          "bm": 0,
          "hd": false,
          "mn": "ADBE Vector Filter - Trim",
          "nm": "Trim Paths 1",
          "ix": 2,
          "e": { "a": 0, "k": 100, "ix": 2 },
          "o": { "a": 0, "k": 0, "ix": 3 },
          "s": { "a": 0, "k": 0, "ix": 1 },
          "m": 1
        },
        {
          "ty": "tm",
          "bm": 0,
          "hd": false,
          "mn": "ADBE Vector Filter - Trim",
          "nm": "Trim Paths 2",
          "ix": 3,
          "e": {
            "a": 1,
            "k": [
              {
                "o": { "x": 0.333, "y": 0 },
                "i": { "x": 0, "y": 1 },
                "s": [0],
                "t": 60
              },
              { "s": [100], "t": 120.0000048877 }
            ],
            "ix": 2
          },
          "o": { "a": 0, "k": 0, "ix": 3 },
          "s": {
            "a": 1,
            "k": [
              {
                "o": { "x": 1, "y": 0 },
                "i": { "x": 0.667, "y": 1 },
                "s": [0],
                "t": 90
              },
              { "s": [100], "t": 120.0000048877 }
            ],
            "ix": 1
          },
          "m": 1
        }
      ],
      "ind": 2
    },
    {
      "ty": 4,
      "nm": "Shape Layer 1",
      "sr": 1,
      "st": 0,
      "op": 61.0000024845809,
      "ip": 0,
      "hd": false,
      "ddd": 0,
      "bm": 0,
      "hasMask": false,
      "ao": 0,
      "ks": {
        "a": { "a": 0, "k": [0, 0, 0], "ix": 1 },
        "s": { "a": 0, "k": [100, 100, 100], "ix": 6 },
        "sk": { "a": 0, "k": 0 },
        "p": { "a": 0, "k": [640, 360, 0], "ix": 2 },
        "r": { "a": 0, "k": 0, "ix": 10 },
        "sa": { "a": 0, "k": 0 },
        "o": { "a": 0, "k": 100, "ix": 11 }
      },
      "ef": [],
      "shapes": [
        {
          "ty": "gr",
          "bm": 0,
          "hd": false,
          "mn": "ADBE Vector Group",
          "nm": "Shape 1",
          "ix": 1,
          "cix": 2,
          "np": 3,
          "it": [
            {
              "ty": "sh",
              "bm": 0,
              "hd": false,
              "mn": "ADBE Vector Shape - Group",
              "nm": "Path 1",
              "ix": 1,
              "d": 1,
              "ks": {
                "a": 0,
                "k": {
                  "c": false,
                  "i": [
                    [0, 0],
                    [0, 0]
                  ],
                  "o": [
                    [0, 0],
                    [0, 0]
                  ],
                  "v": [
                    [-590, -10],
                    [430, -10]
                  ]
                },
                "ix": 2
              }
            },
            {
              "ty": "st",
              "bm": 0,
              "hd": false,
              "mn": "ADBE Vector Graphic - Stroke",
              "nm": "Stroke 1",
              "lc": 2,
              "lj": 1,
              "ml": 4,
              "o": { "a": 0, "k": 100, "ix": 4 },
              "w": { "a": 0, "k": 7, "ix": 5 },
              "d": [
                { "nm": "dash", "n": "d", "v": { "a": 0, "k": 33, "ix": 1 } },
                { "nm": "offset", "n": "o", "v": { "a": 0, "k": 0, "ix": 7 } }
              ],
              "c": { "a": 0, "k": [0.9608, 0.3412, 0.3412], "ix": 3 }
            },
            {
              "ty": "tr",
              "a": { "a": 0, "k": [0, 0], "ix": 1 },
              "s": { "a": 0, "k": [100, 100], "ix": 3 },
              "sk": { "a": 0, "k": 0, "ix": 4 },
              "p": { "a": 0, "k": [0, 0], "ix": 2 },
              "r": { "a": 0, "k": 0, "ix": 6 },
              "sa": { "a": 0, "k": 0, "ix": 5 },
              "o": { "a": 0, "k": 100, "ix": 7 }
            }
          ]
        },
        {
          "ty": "tm",
          "bm": 0,
          "hd": false,
          "mn": "ADBE Vector Filter - Trim",
          "nm": "Trim Paths 1",
          "ix": 2,
          "e": {
            "a": 1,
            "k": [
              {
                "o": { "x": 0.333, "y": 0 },
                "i": { "x": 0, "y": 1 },
                "s": [0],
                "t": 0
              },
              { "s": [100], "t": 60.0000024438501 }
            ],
            "ix": 2
          },
          "o": { "a": 0, "k": 0, "ix": 3 },
          "s": {
            "a": 1,
            "k": [
              {
                "o": { "x": 1, "y": 0 },
                "i": { "x": 0.667, "y": 1 },
                "s": [0],
                "t": 30
              },
              { "s": [100], "t": 60.0000024438501 }
            ],
            "ix": 1
          },
          "m": 1
        }
      ],
      "ind": 3
    },
    {
      "ty": 4,
      "nm": "CIRCLE 2",
      "sr": 1,
      "st": 0,
      "op": 121.000004928431,
      "ip": 0,
      "hd": false,
      "ddd": 0,
      "bm": 0,
      "hasMask": false,
      "ao": 0,
      "ks": {
        "a": { "a": 0, "k": [-520, -8, 0], "ix": 1 },
        "s": {
          "a": 1,
          "k": [
            {
              "o": { "x": 0.167, "y": 0.167 },
              "i": { "x": 0.833, "y": 0.833 },
              "s": [0, 0, 100],
              "t": 11
            },
            {
              "o": { "x": 0.167, "y": 0.167 },
              "i": { "x": 0.833, "y": 0.833 },
              "s": [180, 180, 100],
              "t": 34
            },
            {
              "o": { "x": 0.167, "y": 0.167 },
              "i": { "x": 0.833, "y": 0.833 },
              "s": [0, 0, 100],
              "t": 71
            },
            { "s": [180, 180, 100], "t": 94.0000038286985 }
          ],
          "ix": 6
        },
        "sk": { "a": 0, "k": 0 },
        "p": {
          "a": 1,
          "k": [
            {
              "o": { "x": 0.333, "y": 0 },
              "i": { "x": 0, "y": 1 },
              "s": [120, 352, 0],
              "t": 0,
              "ti": [0, 0, 0],
              "to": [169.333, 0, 0]
            },
            {
              "o": { "x": 0.333, "y": 0 },
              "i": { "x": 0, "y": 1 },
              "s": [1136, 352, 0],
              "t": 60,
              "ti": [169.333, 0, 0],
              "to": [0, 0, 0]
            },
            { "s": [120, 352, 0], "t": 120.0000048877 }
          ],
          "ix": 2
        },
        "r": { "a": 0, "k": 0, "ix": 10 },
        "sa": { "a": 0, "k": 0 },
        "o": {
          "a": 1,
          "k": [
            {
              "o": { "x": 0.167, "y": 0.167 },
              "i": { "x": 0.833, "y": 0.833 },
              "s": [0],
              "t": 11
            },
            {
              "o": { "x": 0.167, "y": 0.167 },
              "i": { "x": 0.833, "y": 0.833 },
              "s": [100],
              "t": 22
            },
            {
              "o": { "x": 0.167, "y": 0.167 },
              "i": { "x": 0.833, "y": 0.833 },
              "s": [0],
              "t": 34
            },
            {
              "o": { "x": 0.167, "y": 0.167 },
              "i": { "x": 0.833, "y": 0.833 },
              "s": [0],
              "t": 71
            },
            {
              "o": { "x": 0.167, "y": 0.167 },
              "i": { "x": 0.833, "y": 0.833 },
              "s": [100],
              "t": 82
            },
            { "s": [0], "t": 94.0000038286985 }
          ],
          "ix": 11
        }
      },
      "ef": [],
      "shapes": [
        {
          "ty": "gr",
          "bm": 0,
          "hd": false,
          "mn": "ADBE Vector Group",
          "nm": "Ellipse 1",
          "ix": 1,
          "cix": 2,
          "np": 3,
          "it": [
            {
              "ty": "el",
              "bm": 0,
              "hd": false,
              "mn": "ADBE Vector Shape - Ellipse",
              "nm": "Ellipse Path 1",
              "d": 1,
              "p": { "a": 0, "k": [0, 0], "ix": 3 },
              "s": { "a": 0, "k": [120, 120], "ix": 2 }
            },
            {
              "ty": "st",
              "bm": 0,
              "hd": false,
              "mn": "ADBE Vector Graphic - Stroke",
              "nm": "Stroke 1",
              "lc": 1,
              "lj": 1,
              "ml": 4,
              "o": { "a": 0, "k": 100, "ix": 4 },
              "w": { "a": 0, "k": 7, "ix": 5 },
              "c": { "a": 0, "k": [0.9608, 0.3412, 0.3412], "ix": 3 }
            },
            {
              "ty": "tr",
              "a": { "a": 0, "k": [0, 0], "ix": 1 },
              "s": { "a": 0, "k": [100, 100], "ix": 3 },
              "sk": { "a": 0, "k": 0, "ix": 4 },
              "p": { "a": 0, "k": [-520, -8], "ix": 2 },
              "r": { "a": 0, "k": 0, "ix": 6 },
              "sa": { "a": 0, "k": 0, "ix": 5 },
              "o": { "a": 0, "k": 100, "ix": 7 }
            }
          ]
        }
      ],
      "ind": 4
    },
    {
      "ty": 4,
      "nm": "CIRCLE",
      "sr": 1,
      "st": 0,
      "op": 121.000004928431,
      "ip": 0,
      "hd": false,
      "ddd": 0,
      "bm": 0,
      "hasMask": false,
      "ao": 0,
      "ks": {
        "a": { "a": 0, "k": [-520, -8, 0], "ix": 1 },
        "s": {
          "a": 1,
          "k": [
            {
              "o": { "x": 0.167, "y": 0.167 },
              "i": { "x": 0.833, "y": 0.833 },
              "s": [0, 0, 100],
              "t": 0
            },
            {
              "o": { "x": 0.167, "y": 0.167 },
              "i": { "x": 0.833, "y": 0.833 },
              "s": [180, 180, 100],
              "t": 23
            },
            {
              "o": { "x": 0.167, "y": 0.167 },
              "i": { "x": 0.833, "y": 0.833 },
              "s": [0, 0, 100],
              "t": 60
            },
            { "s": [180, 180, 100], "t": 83.0000033806593 }
          ],
          "ix": 6
        },
        "sk": { "a": 0, "k": 0 },
        "p": {
          "a": 1,
          "k": [
            {
              "o": { "x": 0.333, "y": 0 },
              "i": { "x": 0, "y": 1 },
              "s": [120, 352, 0],
              "t": 0,
              "ti": [0, 0, 0],
              "to": [169.333, 0, 0]
            },
            {
              "o": { "x": 0.333, "y": 0 },
              "i": { "x": 0, "y": 1 },
              "s": [1136, 352, 0],
              "t": 60,
              "ti": [169.333, 0, 0],
              "to": [0, 0, 0]
            },
            { "s": [120, 352, 0], "t": 120.0000048877 }
          ],
          "ix": 2
        },
        "r": { "a": 0, "k": 0, "ix": 10 },
        "sa": { "a": 0, "k": 0 },
        "o": {
          "a": 1,
          "k": [
            {
              "o": { "x": 0.167, "y": 0.167 },
              "i": { "x": 0.833, "y": 0.833 },
              "s": [0],
              "t": 0
            },
            {
              "o": { "x": 0.167, "y": 0.167 },
              "i": { "x": 0.833, "y": 0.833 },
              "s": [100],
              "t": 11
            },
            {
              "o": { "x": 0.167, "y": 0.167 },
              "i": { "x": 0.833, "y": 0.833 },
              "s": [0],
              "t": 23
            },
            {
              "o": { "x": 0.167, "y": 0.167 },
              "i": { "x": 0.833, "y": 0.833 },
              "s": [0],
              "t": 60
            },
            {
              "o": { "x": 0.167, "y": 0.167 },
              "i": { "x": 0.833, "y": 0.833 },
              "s": [100],
              "t": 71
            },
            { "s": [0], "t": 83.0000033806593 }
          ],
          "ix": 11
        }
      },
      "ef": [],
      "shapes": [
        {
          "ty": "gr",
          "bm": 0,
          "hd": false,
          "mn": "ADBE Vector Group",
          "nm": "Ellipse 1",
          "ix": 1,
          "cix": 2,
          "np": 3,
          "it": [
            {
              "ty": "el",
              "bm": 0,
              "hd": false,
              "mn": "ADBE Vector Shape - Ellipse",
              "nm": "Ellipse Path 1",
              "d": 1,
              "p": { "a": 0, "k": [0, 0], "ix": 3 },
              "s": { "a": 0, "k": [120, 120], "ix": 2 }
            },
            {
              "ty": "st",
              "bm": 0,
              "hd": false,
              "mn": "ADBE Vector Graphic - Stroke",
              "nm": "Stroke 1",
              "lc": 1,
              "lj": 1,
              "ml": 4,
              "o": { "a": 0, "k": 100, "ix": 4 },
              "w": { "a": 0, "k": 7, "ix": 5 },
              "c": { "a": 0, "k": [0.9608, 0.3412, 0.3412], "ix": 3 }
            },
            {
              "ty": "tr",
              "a": { "a": 0, "k": [0, 0], "ix": 1 },
              "s": { "a": 0, "k": [100, 100], "ix": 3 },
              "sk": { "a": 0, "k": 0, "ix": 4 },
              "p": { "a": 0, "k": [-520, -8], "ix": 2 },
              "r": { "a": 0, "k": 0, "ix": 6 },
              "sa": { "a": 0, "k": 0, "ix": 5 },
              "o": { "a": 0, "k": 100, "ix": 7 }
            }
          ]
        }
      ],
      "ind": 5
    }
  ],
  "v": "5.6.6",
  "fr": 29.9700012207031,
  "op": 121.000004928431,
  "ip": 0,
  "assets": []
}
